"","pcor","node1","node2","pval","qval","prob","fdr"
"83",0.00470397640834023,6,20,0.347292578292461,0.774498553944942,1.11022302462516e-16,0.878692065559237
"84",-0.00452653557362478,7,14,0.365782946578058,0.783428956959558,1.11022302462516e-16,0.908966170591966
"85",-0.00446635180262947,2,20,0.37219147628923,0.786361298132163,1.11022302462516e-16,0.908966170591966
"86",-0.00446586785383701,3,16,0.372243288909091,0.786384682393276,1.11022302462516e-16,0.908966170591966
"87",0.00436398262737828,4,13,0.383250721718824,0.791239168144578,1.11022302462516e-16,0.91719341225296
"88",-0.00432466584435985,3,17,0.387551180068383,0.793076339622633,1.11022302462516e-16,0.91719341225296
"89",0.00431406872848776,9,12,0.388715303288159,0.793568109215737,1.11022302462516e-16,0.91719341225296
"90",-0.00418076004647164,4,17,0.403540801004394,0.799632526438784,1.11022302462516e-16,0.917849879971184
"91",0.00417603260888894,12,15,0.404072690129335,0.799843483392167,1.11022302462516e-16,0.917849879971184
"92",0.00415637206518704,3,12,0.406289215865399,0.800717836222358,1.11022302462516e-16,0.917849879971184
"93",0.00415471490008769,13,18,0.40647637541581,0.800791315430704,1.11022302462516e-16,0.917849879971184
"94",0.00402109374408797,5,15,0.421736229524913,0.806605366544101,1.11022302462516e-16,0.933330760908758
"95",0.00399627685545096,3,13,0.424606920622767,0.807661388953389,1.11022302462516e-16,0.933330760908758
"96",-0.00397854101628676,15,19,0.426665490701146,0.80841158909933,1.11022302462516e-16,0.933330760908758
"97",0.00387845386705799,5,12,0.438391003928611,0.812575516946744,1.11022302462516e-16,0.945557318934849
"98",0.00384429527336148,12,20,0.442434792023713,0.813969873270146,1.11022302462516e-16,0.945557318934849
"99",-0.00381631731103444,5,7,0.445762736069286,0.815101928088674,1.11022302462516e-16,0.945557318934849
"100",-0.00375945629095349,2,17,0.452570038375494,0.81737515639212,1.11022302462516e-16,0.950397080588538
"101",-0.00371630885006715,7,8,0.457774524578867,0.819075787764864,1.11022302462516e-16,0.951808417441208
"102",0.00359854651906603,6,18,0.472148689624635,0.823612313298696,1.11022302462516e-16,0.97207083158013
"103",0.00351146444123464,3,10,0.482935928318867,0.826870127705361,1.11022302462516e-16,0.984626649970506
"104",-0.00346287890590003,14,16,0.489012115071454,0.828652736613268,1.11022302462516e-16,0.986087054025234
"105",0.00343082292493373,13,14,0.493043527012617,0.829815337223362,1.11022302462516e-16,0.986087054025234
"106",-0.00338364198317273,4,16,0.499009318522972,0.831507124713517,1.11022302462516e-16,0.988603366885132
"107",-0.00333237596721941,18,19,0.505534873255745,0.833319547140189,1.11022302462516e-16,0.992171246576696
"108",-0.00326075783762982,1,2,0.514725686871504,0.835807080046772,1.11022302462516e-16,1
"109",0.00320397446469149,3,6,0.522073976871517,0.837743143333502,1.11022302462516e-16,1
"110",0.00308147661352558,9,20,0.538107979230129,0.841813113787178,1.11022302462516e-16,1
"111",0.00307016154122902,5,13,0.539601405554951,0.842181825617676,1.11022302462516e-16,1
"112",-0.00306802835809573,1,12,0.539883187282749,0.842251202004753,1.11022302462516e-16,1
"113",-0.00300417627195817,15,16,0.548351637095006,0.844308095410137,1.11022302462516e-16,1
"114",-0.00294668756632336,5,14,0.556031848051431,0.846127693291854,1.11022302462516e-16,1
"115",0.00289442192311727,7,11,0.563059525005837,0.847755821967817,1.11022302462516e-16,1
"116",0.00289148090357287,1,13,0.563456246469125,0.847846705151017,1.11022302462516e-16,1
"117",0.00283910386353061,10,13,0.570543989544361,0.849452311939946,1.11022302462516e-16,1
"118",-0.00283578983537658,12,17,0.570993874015822,0.849553082614261,1.11022302462516e-16,1
"119",-0.00281363282698898,11,18,0.574006052907337,0.850224327685322,1.11022302462516e-16,1
"120",-0.00275223723942732,1,6,0.582391685308889,0.852061851827968,1.11022302462516e-16,1
"121",-0.0027232205420639,2,19,0.586374695242769,0.852918937242422,1.11022302462516e-16,1
"122",0.00271931041129895,12,16,0.586912387952982,0.8530338806088,1.11022302462516e-16,1
"123",-0.00268365546683766,2,15,0.591825898254273,0.854075986000429,1.11022302462516e-16,1
"124",-0.00258333372922284,3,8,0.605751264490145,0.856950701712981,1.11022302462516e-16,1
"125",0.00251453753549502,5,8,0.615384613193546,0.858873996407808,1.11022302462516e-16,1
"126",-0.0025089377530152,2,7,0.616171692137636,0.859028853587969,1.11022302462516e-16,1
"127",-0.00248980288689284,4,14,0.618864526142992,0.859556105854003,1.11022302462516e-16,1
"128",-0.00243525418021323,7,19,0.626569155739402,0.861043104279004,1.11022302462516e-16,1
"129",0.00241091410098067,4,7,0.63002028347251,0.861699011179548,1.11022302462516e-16,1
"130",0.00238300852085329,15,17,0.633986911072469,0.862445284601669,1.11022302462516e-16,1
"131",0.0023486016398257,1,10,0.638892167473511,0.863357085655024,1.11022302462516e-16,1
"132",-0.00230141831597366,2,10,0.645644644215182,0.864592658069445,1.11022302462516e-16,1
"133",-0.00219822013727365,1,16,0.660515070835734,0.867236408235347,1.11022302462516e-16,1
"134",-0.00209329393909236,7,13,0.67577315126036,0.86984387793911,1.11022302462516e-16,1
"135",-0.00200350410238899,10,14,0.688937042492608,0.872012540990679,1.11022302462516e-16,1
"136",0.00199268457871452,6,15,0.690529744344348,0.872270036978189,1.11022302462516e-16,1
"137",0.00194029950315968,13,19,0.698260435845025,0.873505299423626,1.11022302462516e-16,1
"138",0.00192237452549173,2,9,0.7009129557301,0.873923650012328,1.11022302462516e-16,1
"139",0.00187636387385079,2,14,0.707738209289836,0.874987503017448,1.11022302462516e-16,1
"140",0.00187053684316023,4,20,0.708604286538384,0.875121216283707,1.11022302462516e-16,1
"141",-0.00183397751029649,10,15,0.714046695911039,0.87595496471655,1.11022302462516e-16,1
"142",-0.0017839345210686,9,18,0.721519948246879,0.877081852877283,1.11022302462516e-16,1
"143",0.0017806488446183,3,18,0.722011560623046,0.877155265566968,1.11022302462516e-16,1
"144",0.00174309873465115,10,11,0.727638025386442,0.87798926540952,1.11022302462516e-16,1
"145",-0.00169367356819533,10,16,0.735066228515406,0.87907314329404,1.11022302462516e-16,1
"146",-0.00146170434604348,6,10,0.770250808653701,0.883955995960701,1.11022302462516e-16,1
"147",0.00143538962472276,2,3,0.774273743042174,0.884489286279796,1.11022302462516e-16,1
"148",-0.00143276188062048,3,14,0.774675801580367,0.884542314882052,1.11022302462516e-16,1
"149",-0.001420688610834,8,16,0.776523849841321,0.884785434116554,1.11022302462516e-16,1
"150",-0.00136839923212972,10,18,0.784542239480737,0.885828538765598,1.11022302462516e-16,1
"151",0.00135384083348311,4,19,0.786778834420234,0.886116134786932,1.11022302462516e-16,1
"152",-0.00132601462622713,12,19,0.791058635101106,0.886662440042117,1.11022302462516e-16,1
"153",-0.00132215868411102,1,18,0.79165219744962,0.886737793120657,1.11022302462516e-16,1
"154",0.00119820040579551,2,12,0.810796191571702,0.889115531503235,1.11022302462516e-16,1
"155",0.00119268522146618,1,15,0.811650678420979,0.889219335922741,1.11022302462516e-16,1
"156",0.00116755663576484,2,8,0.815546764018869,0.889690185717087,1.11022302462516e-16,1
"157",-0.00110600398481646,5,17,0.82510935227543,0.890829051308424,1.11022302462516e-16,1
"158",-0.00106676493157936,2,13,0.831219052611298,0.891544460491975,1.11022302462516e-16,1
"159",0.00105734718458345,4,5,0.83268697289894,0.891714950326606,1.11022302462516e-16,1
"160",-0.00104334676531594,5,16,0.834870259857044,0.891967536386409,1.11022302462516e-16,1
"161",-0.00103800866707094,4,8,0.835703042594951,0.892063571447261,1.11022302462516e-16,1
"162",0.000972582464798655,6,9,0.845924702057669,0.893228556475229,1.11022302462516e-16,1
"163",-0.000970443832315874,8,9,0.846259272589637,0.893266263328659,1.11022302462516e-16,1
"164",-0.000916663699232089,8,13,0.854681665822098,0.894206789323772,1.11022302462516e-16,1
"165",-0.000916204397590622,6,12,0.854753668872107,0.8942147584288,1.11022302462516e-16,1
"166",-0.000811295978457745,4,9,0.871230302323025,0.896007312001419,1.11022302462516e-16,1
"167",0.000749712136556988,12,14,0.880929067103508,0.897034352017696,1.11022302462516e-16,1
"168",-0.00073815557470529,6,14,0.882751133137135,0.897225038352022,1.11022302462516e-16,1
"169",-0.000661220975517803,15,20,0.894896390643929,0.898478262829436,1.11022302462516e-16,1
"170",-0.000652410483975076,7,12,0.896288884910497,0.898619998944649,1.11022302462516e-16,1
"171",-0.000627551447592901,8,18,0.900219553411903,0.899017958223358,1.11022302462516e-16,1
"172",-0.000626568675262269,4,10,0.900374998640457,0.899033632014478,1.11022302462516e-16,1
"173",0.000606009868298815,3,9,0.903627654871612,0.89936049006827,1.11022302462516e-16,1
"174",0.000598264083535166,3,19,0.904853555896996,0.899483131905427,1.11022302462516e-16,1
"175",-0.000498142660073083,8,20,0.920718833425478,0.901043781805992,1.11022302462516e-16,1
"176",-0.000399932526450023,8,10,0.936312003280884,0.902531152120173,1.11022302462516e-16,1
"177",-0.000387133292392594,8,14,0.938346112459392,0.902721887388855,1.11022302462516e-16,1
"178",-0.000374215685591718,2,4,0.940399441874659,0.902913669294538,1.11022302462516e-16,1
"179",0.000336364659879196,5,19,0.94641831581792,0.903471502879055,1.11022302462516e-16,1
"180",-0.000328052461012567,17,20,0.947740500283412,0.903593186213566,1.11022302462516e-16,1
"181",-0.000296414684675092,5,11,0.952774265879325,0.904053659996023,1.11022302462516e-16,1
"182",0.000166475525166058,13,15,0.973465975190904,0.905901161587651,1.11022302462516e-16,1
"183",0.000146613899584397,11,20,0.976630692271381,0.906177475051684,1.11022302462516e-16,1
"184",-0.000142932279413923,17,18,0.977217357166579,0.906228518942524,1.11022302462516e-16,1
"185",0.000111871137323881,9,16,0.982167398642216,0.906657005419797,1.11022302462516e-16,1
"186",0.000107951104801993,8,19,0.982792165167214,0.906710808431758,1.11022302462516e-16,1
"187",9.97603187441096e-05,14,19,0.984097629008671,0.906823031085165,1.11022302462516e-16,1
"188",-8.58830207749814e-05,14,20,0.986309515818343,0.907012558288587,1.11022302462516e-16,1
"189",4.39016123728282e-05,2,6,0.993001455803795,0.907581295951237,1.11022302462516e-16,1
"190",-3.69707216067607e-05,2,16,0.994106316829439,0.907674527917332,1.11022302462516e-16,1
"191",0,1,21,1,0.908168696180753,1.11022302462516e-16,1
"192",0,2,21,1,0.908168696180753,1.11022302462516e-16,1
"193",0,3,21,1,0.908168696180753,1.11022302462516e-16,1
"194",0,4,21,1,0.908168696180753,1.11022302462516e-16,1
"195",0,5,21,1,0.908168696180753,1.11022302462516e-16,1
"196",0,6,21,1,0.908168696180753,1.11022302462516e-16,1
"197",0,7,21,1,0.908168696180753,1.11022302462516e-16,1
"198",0,8,21,1,0.908168696180753,1.11022302462516e-16,1
"199",0,9,21,1,0.908168696180753,1.11022302462516e-16,1
"200",0,10,21,1,0.908168696180753,1.11022302462516e-16,1
"201",0,11,21,1,0.908168696180753,1.11022302462516e-16,1
"202",0,12,21,1,0.908168696180753,1.11022302462516e-16,1
"203",0,13,21,1,0.908168696180753,1.11022302462516e-16,1
"204",0,14,21,1,0.908168696180753,1.11022302462516e-16,1
"205",0,15,21,1,0.908168696180753,1.11022302462516e-16,1
"206",0,16,21,1,0.908168696180753,1.11022302462516e-16,1
"207",0,17,21,1,0.908168696180753,1.11022302462516e-16,1
"208",0,18,21,1,0.908168696180753,1.11022302462516e-16,1
"209",0,19,21,1,0.908168696180753,1.11022302462516e-16,1
"210",0,20,21,1,0.908168696180753,1.11022302462516e-16,1
