"chr","amp_id","position","genetic_dist"
"6","rs470778",10568858,10.568858
"10","rs10995706",65373297,65.373297
"1","rs625127",59391181,59.391181
"5","rs10805888",73821303,73.821303
"5","rs10940680",27655227,27.655227
"1","rs320017",48847582,48.847582
"9","rs10814940",4318194,4.318194
"2","rs17035560",46824391,46.824391
"2","rs17050199",59586461,59.586461
"12","rs11173032",58094775,58.094775
"4","rs7656717",55865237,55.865237
"3","rs7635068",188814284,188.81428
"20","rs2426466",51274041,51.274041
"7","rs6971697",8968775,8.968775
"2","rs1478782",84957658,84.957658
"17","rs2671637",44896002,44.896002
"5","rs9293829",80351685,80.351685
"4","rs7659727",182034590,182.03459
"3","rs6765048",24536898,24.536898
"14","rs2401851",89266760,89.26676
